n_criterios,4
n_alternativas,3
Criterios,Precio,Calidad,Tiempo,Certificación
Alternativas,P1 – Colta,P2 – Guamote,P3 – Salinas

Matriz_Criterios
1,3,5,4
0.333333333,1,3,2
0.2,0.333333333,1,0.5
0.25,0.5,2,1

Matriz_Alternativas_Precio
1,0.917647059,1.058823529
1.08974359,1,1.153846154
0.944444444,0.866666667,1

Matriz_Alternativas_Calidad
1,1.043478261,0.979591837
0.958333333,1,0.93877551
1.020833333,1.065217391,1

Matriz_Alternativas_Tiempo
1,1.6,0.6
0.625,1,0.375
1.666666667,2.666666667,1

Matriz_Alternativas_Certificación
1,1.285714286,0.9
0.777777778,1,0.7
1.111111111,1.428571429,1